Cantón;2010;2011;2012;2013;2014;2015;2016;2017;2018;2019;2020
San José;0,746;0,771;0,780;0,776;0,788;0,779;0,786;0,783;0,791;0,797;0,758
Escazú;0,827;0,855;0,845;0,868;0,861;0,874;0,866;0,865;0,879;0,879;0,867
Desamparados;0,708;0,730;0,741;0,749;0,745;0,749;0,757;0,764;0,767;0,774;0,743
Puriscal;0,692;0,711;0,739;0,736;0,750;0,764;0,756;0,767;0,770;0,762;0,755
Tarrazú;0,622;0,638;0,658;0,687;0,696;0,668;0,675;0,672;0,689;0,700;0,668
Aserrí;0,693;0,700;0,743;0,744;0,748;0,761;0,755;0,757;0,757;0,772;0,737
Mora;0,774;0,764;0,789;0,803;0,804;0,802;0,823;0,825;0,828;0,819;0,801
Goicoechea;0,752;0,760;0,782;0,783;0,791;0,783;0,790;0,773;0,782;0,783;0,758
Santa Ana;0,832;0,852;0,872;0,860;0,875;0,877;0,873;0,873;0,883;0,896;0,871
Alajuelita;0,662;0,683;0,697;0,711;0,705;0,713;0,719;0,727;0,730;0,735;0,712
Vázquez de Coronado;0,752;0,777;0,792;0,807;0,799;0,819;0,812;0,812;0,821;0,815;0,801
Acosta;0,673;0,687;0,734;0,710;0,717;0,743;0,719;0,750;0,730;0,753;0,731
Tibás;0,741;0,776;0,780;0,791;0,774;0,803;0,803;0,797;0,795;0,799;0,766
Moravia;0,798;0,830;0,849;0,844;0,841;0,842;0,835;0,855;0,842;0,843;0,835
Montes de Oca;0,827;0,845;0,866;0,860;0,867;0,875;0,880;0,881;0,881;0,881;0,857
Turrubares;0,539;0,552;0,605;0,668;0,679;0,664;0,690;0,730;0,705;0,696;0,712
Dota;0,530;0,636;0,604;0,610;0,660;0,696;0,696;0,680;0,714;0,665;0,660
Curridabat;0,799;0,837;0,817;0,852;0,837;0,858;0,838;0,855;0,858;0,863;0,835
Pérez Zeledón;0,661;0,684;0,675;0,689;0,695;0,699;0,713;0,702;0,738;0,741;0,746
León Cortes;0,606;0,666;0,667;0,690;0,650;0,683;0,686;0,674;0,724;0,692;0,690
Alajuela;0,718;0,746;0,758;0,768;0,772;0,773;0,779;0,790;0,792;0,800;0,784
San Ramón;0,696;0,726;0,744;0,761;0,757;0,763;0,764;0,780;0,769;0,795;0,754
Grecia;0,708;0,747;0,743;0,752;0,751;0,775;0,778;0,780;0,778;0,795;0,777
San Mateo;0,567;0,590;0,615;0,628;0,646;0,661;0,669;0,655;0,694;0,691;0,675
Atenas;0,700;0,726;0,751;0,759;0,787;0,770;0,761;0,795;0,780;0,789;0,772
Naranjo;0,700;0,716;0,727;0,732;0,747;0,748;0,732;0,756;0,779;0,769;0,763
Palmares;0,718;0,746;0,751;0,754;0,762;0,778;0,784;0,772;0,775;0,778;0,761
Poás;0,692;0,714;0,718;0,739;0,755;0,759;0,770;0,756;0,764;0,773;0,766
Orotina;0,684;0,718;0,706;0,716;0,714;0,726;0,744;0,733;0,754;0,759;0,736
San Carlos;0,752;0,761;0,766;0,779;0,774;0,768;0,770;0,773;0,772;0,768;0,765
Zarcero;0,699;0,734;0,710;0,724;0,731;0,735;0,765;0,763;0,801;0,784;0,767
Sarchí;0,682;0,731;0,721;0,749;0,720;0,756;0,747;0,733;0,741;0,736;0,739
Upala;0,672;0,670;0,703;0,715;0,690;0,704;0,710;0,711;0,718;0,697;0,678
Los Chiles;0,622;0,641;0,650;0,664;0,652;0,671;0,663;0,677;0,671;0,649;0,640
Guatuso;0,689;0,690;0,679;0,713;0,704;0,721;0,706;0,722;0,702;0,698;0,706
Río Cuarto;;;;;;;;;;0,741;0,732
Cartago;0,752;0,766;0,788;0,795;0,798;0,805;0,795;0,795;0,795;0,808;0,791
Paraíso;0,744;0,739;0,769;0,773;0,774;0,786;0,793;0,792;0,783;0,773;0,778
La Unión;0,764;0,791;0,787;0,796;0,821;0,815;0,815;0,824;0,827;0,841;0,809
Jiménez;0,673;0,710;0,708;0,757;0,709;0,736;0,746;0,787;0,762;0,737;0,762
Turrialba;0,700;0,722;0,735;0,734;0,749;0,746;0,751;0,745;0,765;0,764;0,751
Alvarado;0,707;0,720;0,765;0,745;0,761;0,759;0,775;0,800;0,775;0,780;0,769
Oreamuno;0,743;0,775;0,792;0,789;0,800;0,810;0,799;0,783;0,756;0,787;0,764
El Guarco;0,739;0,769;0,775;0,798;0,788;0,794;0,789;0,790;0,796;0,810;0,798
Heredia;0,801;0,807;0,831;0,822;0,832;0,835;0,822;0,839;0,845;0,848;0,816
Barva;0,746;0,777;0,791;0,806;0,805;0,808;0,830;0,811;0,811;0,820;0,804
Santo Domingo;0,785;0,831;0,815;0,811;0,838;0,834;0,832;0,836;0,833;0,848;0,810
Santa Bárbara;0,753;0,773;0,792;0,791;0,796;0,786;0,797;0,797;0,812;0,811;0,805
San Rafael;0,780;0,797;0,816;0,834;0,821;0,830;0,822;0,837;0,841;0,839;0,805
San Isidro;0,779;0,797;0,829;0,819;0,841;0,829;0,834;0,855;0,850;0,856;0,826
Belén;0,826;0,816;0,842;0,853;0,882;0,865;0,844;0,888;0,862;0,882;0,858
Flores;0,737;0,798;0,784;0,795;0,797;0,800;0,830;0,805;0,798;0,823;0,774
San Pablo;0,780;0,792;0,805;0,830;0,814;0,850;0,826;0,840;0,846;0,857;0,833
Sarapiquí;0,710;0,698;0,698;0,697;0,709;0,716;0,708;0,711;0,715;0,703;0,688
Liberia;0,668;0,706;0,701;0,698;0,701;0,739;0,735;0,737;0,743;0,757;0,714
Nicoya;0,688;0,696;0,694;0,697;0,711;0,731;0,722;0,727;0,738;0,738;0,703
Santa Cruz;0,671;0,689;0,693;0,683;0,699;0,706;0,712;0,718;0,722;0,721;0,693
Bagaces;0,651;0,661;0,665;0,673;0,678;0,708;0,717;0,714;0,738;0,732;0,687
Carrillo;0,679;0,687;0,691;0,681;0,694;0,722;0,715;0,716;0,732;0,725;0,689
Cañas;0,666;0,693;0,667;0,679;0,691;0,717;0,712;0,715;0,717;0,726;0,695
Abangares;0,661;0,691;0,694;0,678;0,717;0,730;0,727;0,712;0,733;0,738;0,717
Tilarán;0,696;0,697;0,694;0,702;0,699;0,730;0,735;0,741;0,739;0,764;0,696
Nandayure;0,602;0,639;0,620;0,623;0,633;0,686;0,689;0,676;0,686;0,695;0,687
La Cruz;0,533;0,552;0,548;0,559;0,585;0,625;0,629;0,617;0,642;0,637;0,596
Hojancha;0,560;0,586;0,589;0,645;0,632;0,656;0,679;0,671;0,666;0,703;0,638
Puntarenas;0,663;0,685;0,691;0,696;0,689;0,713;0,717;0,721;0,736;0,724;0,692
Esparza;0,695;0,714;0,726;0,728;0,709;0,740;0,738;0,741;0,750;0,744;0,718
Buenos Aires;0,563;0,586;0,573;0,600;0,603;0,626;0,624;0,615;0,638;0,644;0,620
Montes de Oro;0,683;0,708;0,706;0,731;0,693;0,706;0,739;0,723;0,736;0,729;0,701
Osa;0,679;0,700;0,681;0,690;0,691;0,710;0,691;0,684;0,690;0,716;0,708
Quepos;0,648;0,676;0,676;0,695;0,681;0,694;0,696;0,702;0,709;0,701;0,680
Golfito;0,655;0,676;0,669;0,693;0,697;0,704;0,711;0,712;0,716;0,705;0,729
Coto Brus;0,598;0,613;0,599;0,622;0,638;0,648;0,661;0,660;0,661;0,680;0,683
Parrita;0,623;0,640;0,656;0,675;0,669;0,667;0,675;0,681;0,718;0,706;0,685
Corredores;0,656;0,671;0,665;0,676;0,696;0,690;0,701;0,694;0,706;0,696;0,691
Garabito;0,643;0,652;0,677;0,689;0,690;0,685;0,701;0,691;0,669;0,693;0,691
Limón;0,637;0,640;0,647;0,672;0,675;0,686;0,686;0,685;0,689;0,698;0,688
Pococí;0,650;0,658;0,671;0,688;0,683;0,701;0,695;0,691;0,699;0,709;0,700
Siquirres;0,684;0,686;0,694;0,717;0,719;0,723;0,718;0,724;0,726;0,720;0,723
Talamanca;0,568;0,570;0,570;0,597;0,604;0,614;0,627;0,637;0,634;0,633;0,601
Matina;0,539;0,556;0,536;0,570;0,581;0,592;0,591;0,603;0,594;0,603;0,579
Guácimo;0,619;0,657;0,649;0,663;0,664;0,684;0,684;0,657;0,686;0,677;0,676
;;;;;;;;;;;
;2010;2011;2012;2013;2014;2015;2016;2017;2018;2019;2020
;0,691;0,712;0,719;0,730;0,733;0,744;0,746;0,749;0,754;0,756;0,737